BO round,temperature_deg_c,time_h,scale_mol,stirring_shaking,startingmat_1_name,startingmat_1_cas,startingmat_1_smiles,startingmat_1_eq,reagent_1_name,reagent_1_cas,reagent_1_eq,catalyst_name,catalyst_cas,catalyst_eq,solvent_1_name,solvent_1_cas,solvent_1_fraction,product_1_name,product_1_smiles,conversion (%),de (syn) (%),ee (syn) (%),dr (anti/syn),ee (anti) (%)
1,30,20,0.0000951,sh_300,"1,2-diphenylpropan-1-one",2042-85-5,CC(C(=O)c1ccccc1)c1ccccc1,1,K2CO3,584-08-7,0.2,[Ru(OAc)2((S)-DTB-MeOBIPHEP)],167781-45-5,0.01,EtOH,64-17-5,1,"(1S, 2R)-1,2-diphenylpropan-1-ol",C[C@H](c1ccccc1)[C@H](O)c1ccccc1,99.5,-57.2,-2.4,3.7,-0.3
1,30,20,0.0000951,sh_300,"1,2-diphenylpropan-1-one",2042-85-5,CC(C(=O)c1ccccc1)c1ccccc1,1,K2CO3,584-08-7,0.5,[IrClH2((R)-DTB-SpiroPAP-3-Me)],1396201-63-0,0.01,EtOH,64-17-5,1,"(1S, 2R)-1,2-diphenylpropan-1-ol",C[C@H](c1ccccc1)[C@H](O)c1ccccc1,99.6,13.2,-65,0.8,78.7
1,30,20,0.0000951,sh_300,"1,2-diphenylpropan-1-one",2042-85-5,CC(C(=O)c1ccccc1)c1ccccc1,1,KOtBu,865-47-4,0.5,"[RuCl2((R)-BINAP)((S,S)-DPEN)]",212210-87-2,0.01,EtOH,64-17-5,1,"(1S, 2R)-1,2-diphenylpropan-1-ol",C[C@H](c1ccccc1)[C@H](O)c1ccccc1,98.5,-87,66.4,14.4,-17.1
1,30,20,0.0000951,sh_300,"1,2-diphenylpropan-1-one",2042-85-5,CC(C(=O)c1ccccc1)c1ccccc1,1,NaOH,1310-73-2,0.2,[RuCl((R)-DM-BINAP)((R)-DAIPENA)],1384974-38-2,0.01,EtOH,64-17-5,1,"(1S, 2R)-1,2-diphenylpropan-1-ol",C[C@H](c1ccccc1)[C@H](O)c1ccccc1,99.6,-99.4,-60.3,346.1,97.1
1,30,20,0.0000951,sh_300,"1,2-diphenylpropan-1-one",2042-85-5,CC(C(=O)c1ccccc1)c1ccccc1,1,NEt3,121-44-8,0.2,[IrClH2((S)-DTB-SpiroPAP-3-Me)],1418483-59-6,0.01,EtOH,64-17-5,1,"(1S, 2R)-1,2-diphenylpropan-1-ol",C[C@H](c1ccccc1)[C@H](O)c1ccccc1,41.7,41.8,84.7,0.4,-62.9
1,30,20,0.0000951,sh_300,"1,2-diphenylpropan-1-one",2042-85-5,CC(C(=O)c1ccccc1)c1ccccc1,1,DBU,6674-22-2,0.5,"[Ir(COD)((S,S)-Ph-UBAPHOX)]BARF",405235-55-4,0.01,iPrOH,67-63-0,1,"(1S, 2R)-1,2-diphenylpropan-1-ol",C[C@H](c1ccccc1)[C@H](O)c1ccccc1,39.5,-71.8,-2.1,6.1,4.7
1,30,20,0.0000951,sh_300,"1,2-diphenylpropan-1-one",2042-85-5,CC(C(=O)c1ccccc1)c1ccccc1,1,DBU,6674-22-2,0.5,[RuCl(p-cymene)((S)-DM-BINAP)]Cl,944451-25-6,0.01,iPrOH,67-63-0,1,"(1S, 2R)-1,2-diphenylpropan-1-ol",C[C@H](c1ccccc1)[C@H](O)c1ccccc1,43.2,-78.7,75.7,8.4,-78.2
1,30,20,0.0000951,sh_300,"1,2-diphenylpropan-1-one",2042-85-5,CC(C(=O)c1ccccc1)c1ccccc1,1,DBU,6674-22-2,0.5,"[RuCl2((S)-BINAP)((S,S)-DPEN)]",329736-05-2,0.01,iPrOH,67-63-0,1,"(1S, 2R)-1,2-diphenylpropan-1-ol",C[C@H](c1ccccc1)[C@H](O)c1ccccc1,9.1,-69.6,3,5.6,-64.5
1,30,20,0.0000951,sh_300,"1,2-diphenylpropan-1-one",2042-85-5,CC(C(=O)c1ccccc1)c1ccccc1,1,K2CO3,584-08-7,0.2,[RuCl((S)-DM-BINAP)((S)-DAIPENA)],1312713-89-5,0.01,iPrOH,67-63-0,1,"(1S, 2R)-1,2-diphenylpropan-1-ol",C[C@H](c1ccccc1)[C@H](O)c1ccccc1,95.6,-79.8,89.6,8.9,-20.6
1,30,20,0.0000951,sh_300,"1,2-diphenylpropan-1-one",2042-85-5,CC(C(=O)c1ccccc1)c1ccccc1,1,K2CO3,584-08-7,0.2,"[RuCl2((S)-DM-BINAP)((S,S)-DPEN)]",220114-03-4,0.01,iPrOH,67-63-0,1,"(1S, 2R)-1,2-diphenylpropan-1-ol",C[C@H](c1ccccc1)[C@H](O)c1ccccc1,24.2,-89.9,23.4,18.8,-85.1
1,30,20,0.0000951,sh_300,"1,2-diphenylpropan-1-one",2042-85-5,CC(C(=O)c1ccccc1)c1ccccc1,1,KOH,1310-58-3,0.5,[RuCl2((R)-BINAP)((R)-DAIPEN)],329735-86-6,0.01,iPrOH,67-63-0,1,"(1S, 2R)-1,2-diphenylpropan-1-ol",C[C@H](c1ccccc1)[C@H](O)c1ccccc1,99.5,-88.4,8.1,16.3,87.4
1,30,20,0.0000951,sh_300,"1,2-diphenylpropan-1-one",2042-85-5,CC(C(=O)c1ccccc1)c1ccccc1,1,KOtBu,865-47-4,0.2,[RuCl(p-cymene)((R)-BINAP)]Cl,145926-28-9,0.01,iPrOH,67-63-0,1,"(1S, 2R)-1,2-diphenylpropan-1-ol",C[C@H](c1ccccc1)[C@H](O)c1ccccc1,80.1,-53,8.2,3.3,4.6
1,30,20,0.0000951,sh_300,"1,2-diphenylpropan-1-one",2042-85-5,CC(C(=O)c1ccccc1)c1ccccc1,1,KOtBu,865-47-4,0.5,[RuCl((S)-DM-BINAP)((S)-DAIPENA)],1312713-89-5,0.01,iPrOH,67-63-0,1,"(1S, 2R)-1,2-diphenylpropan-1-ol",C[C@H](c1ccccc1)[C@H](O)c1ccccc1,99.4,-97.9,82.5,92.2,-97.1
1,30,20,0.0000951,sh_300,"1,2-diphenylpropan-1-one",2042-85-5,CC(C(=O)c1ccccc1)c1ccccc1,1,NaOtBu,865-48-5,0.2,"[RuCl(p-cymene)((S,S)-Ts-DPEN)]",192139-90-5,0.01,iPrOH,67-63-0,1,"(1S, 2R)-1,2-diphenylpropan-1-ol",C[C@H](c1ccccc1)[C@H](O)c1ccccc1,98.9,-65.9,-2.2,4.9,-8.3
1,30,20,0.0000951,sh_300,"1,2-diphenylpropan-1-one",2042-85-5,CC(C(=O)c1ccccc1)c1ccccc1,1,NaOtBu,865-48-5,0.2,"[RuCl2((S)-BINAP)((S,S)-DPEN)]",329736-05-2,0.01,iPrOH,67-63-0,1,"(1S, 2R)-1,2-diphenylpropan-1-ol",C[C@H](c1ccccc1)[C@H](O)c1ccccc1,99.8,-77.1,-68.1,7.7,-66.6
1,30,20,0.0000951,sh_300,"1,2-diphenylpropan-1-one",2042-85-5,CC(C(=O)c1ccccc1)c1ccccc1,1,NaOtBu,865-48-5,0.5,[RuCl2((S)-DM-SEGPHOS)((S)-DAIPEN)],944450-44-6,0.01,iPrOH,67-63-0,1,"(1S, 2R)-1,2-diphenylpropan-1-ol",C[C@H](c1ccccc1)[C@H](O)c1ccccc1,99.8,-99.1,21.4,223.4,-98
1,30,20,0.0000951,sh_300,"1,2-diphenylpropan-1-one",2042-85-5,CC(C(=O)c1ccccc1)c1ccccc1,1,NEt3,121-44-8,0.5,[RuCl(p-cymene)((R)-DM-BINAP)]Cl,944451-24-5,0.01,iPrOH,67-63-0,1,"(1S, 2R)-1,2-diphenylpropan-1-ol",C[C@H](c1ccccc1)[C@H](O)c1ccccc1,9.6,-31,-5.4,1.9,19.1
1,30,20,0.0000951,sh_300,"1,2-diphenylpropan-1-one",2042-85-5,CC(C(=O)c1ccccc1)c1ccccc1,1,KOH,1310-58-3,0.2,"[RuCl((R,R)-Teth-Ts-DPEN)]",1192620-83-9,0.01,MeOH,67-56-1,1,"(1S, 2R)-1,2-diphenylpropan-1-ol",C[C@H](c1ccccc1)[C@H](O)c1ccccc1,80.4,-21.3,48.4,1.5,-64.2
1,30,20,0.0000951,sh_300,"1,2-diphenylpropan-1-one",2042-85-5,CC(C(=O)c1ccccc1)c1ccccc1,1,KOH,1310-58-3,0.5,[RuCl2((S)-DM-BINAP)((S)-DAIPEN)],220114-01-2,0.01,MeOH,67-56-1,1,"(1S, 2R)-1,2-diphenylpropan-1-ol",C[C@H](c1ccccc1)[C@H](O)c1ccccc1,99.3,-96,74.5,48.4,-95.7
1,30,20,0.0000951,sh_300,"1,2-diphenylpropan-1-one",2042-85-5,CC(C(=O)c1ccccc1)c1ccccc1,1,KOtBu,865-47-4,0.5,[Ru(OAc)2((S)-DTB-MeOBIPHEP)],167781-45-5,0.01,MeOH,67-56-1,1,"(1S, 2R)-1,2-diphenylpropan-1-ol",C[C@H](c1ccccc1)[C@H](O)c1ccccc1,98.1,-61.9,0.2,4.2,1.5
1,30,20,0.0000951,sh_300,"1,2-diphenylpropan-1-one",2042-85-5,CC(C(=O)c1ccccc1)c1ccccc1,1,none,,0.5,[RuCl2((R)-BINAP)((R)-DAIPEN)],329735-86-6,0.01,MeOH,67-56-1,1,"(1S, 2R)-1,2-diphenylpropan-1-ol",C[C@H](c1ccccc1)[C@H](O)c1ccccc1,0.5,n.d.,n.d.,n.d.,n.d.
1,30,20,0.0000951,sh_300,"1,2-diphenylpropan-1-one",2042-85-5,CC(C(=O)c1ccccc1)c1ccccc1,1,DBU,6674-22-2,0.2,[RuCl(p-cymene)((S)-DM-BINAP)]Cl,944451-25-6,0.01,MeTHF,96-47-9,1,"(1S, 2R)-1,2-diphenylpropan-1-ol",C[C@H](c1ccccc1)[C@H](O)c1ccccc1,0.2,n.d.,n.d.,n.d.,n.d.
1,30,20,0.0000951,sh_300,"1,2-diphenylpropan-1-one",2042-85-5,CC(C(=O)c1ccccc1)c1ccccc1,1,DBU,6674-22-2,0.2,"[RuCl2((R)-DM-BINAP)((R,R)-DPEN)]",220114-38-5,0.01,MeTHF,96-47-9,1,"(1S, 2R)-1,2-diphenylpropan-1-ol",C[C@H](c1ccccc1)[C@H](O)c1ccccc1,0.7,n.d.,n.d.,n.d.,n.d.
1,30,20,0.0000951,sh_300,"1,2-diphenylpropan-1-one",2042-85-5,CC(C(=O)c1ccccc1)c1ccccc1,1,KOtBu,865-47-4,0.5,"[Ir(COD)((R,R)-Ph-UBAPHOX)]BARF",880262-16-8,0.01,MeTHF,96-47-9,1,"(1S, 2R)-1,2-diphenylpropan-1-ol",C[C@H](c1ccccc1)[C@H](O)c1ccccc1,3.1,n.d.,n.d.,n.d.,n.d.
1,30,20,0.0000951,sh_300,"1,2-diphenylpropan-1-one",2042-85-5,CC(C(=O)c1ccccc1)c1ccccc1,1,none,,0.5,"[Ir(COD)((R,R)-Ph-UBAPHOX)]BARF",880262-16-8,0.01,MeTHF,96-47-9,1,"(1S, 2R)-1,2-diphenylpropan-1-ol",C[C@H](c1ccccc1)[C@H](O)c1ccccc1,3.7,n.d.,n.d.,n.d.,n.d.
1,30,20,0.0000951,sh_300,"1,2-diphenylpropan-1-one",2042-85-5,CC(C(=O)c1ccccc1)c1ccccc1,1,DBU,6674-22-2,0.2,[RuCl2((S)-DM-SEGPHOS)((S)-DAIPEN)],944450-44-6,0.01,PhMe,108-88-3,1,"(1S, 2R)-1,2-diphenylpropan-1-ol",C[C@H](c1ccccc1)[C@H](O)c1ccccc1,15.9,-93.5,5.4,29.7,-92.6
1,30,20,0.0000951,sh_300,"1,2-diphenylpropan-1-one",2042-85-5,CC(C(=O)c1ccccc1)c1ccccc1,1,DBU,6674-22-2,0.5,[RuCl((S)-DM-BINAP)((S)-DAIPENA)],1312713-89-5,0.01,PhMe,108-88-3,1,"(1S, 2R)-1,2-diphenylpropan-1-ol",C[C@H](c1ccccc1)[C@H](O)c1ccccc1,98.1,-95.4,7.3,42,-92.1
1,30,20,0.0000951,sh_300,"1,2-diphenylpropan-1-one",2042-85-5,CC(C(=O)c1ccccc1)c1ccccc1,1,KOH,1310-58-3,0.2,[RuCl(p-cymene)((S)-DM-BINAP)]Cl,944451-25-6,0.01,PhMe,108-88-3,1,"(1S, 2R)-1,2-diphenylpropan-1-ol",C[C@H](c1ccccc1)[C@H](O)c1ccccc1,0,n.d.,n.d.,n.d.,n.d.
1,30,20,0.0000951,sh_300,"1,2-diphenylpropan-1-one",2042-85-5,CC(C(=O)c1ccccc1)c1ccccc1,1,KOtBu,865-47-4,0.2,"[RuCl(p-cymene)((R,R)-Ts-DPEN)]",192139-92-7,0.01,PhMe,108-88-3,1,"(1S, 2R)-1,2-diphenylpropan-1-ol",C[C@H](c1ccccc1)[C@H](O)c1ccccc1,76.3,-55.2,-14.7,3.5,25.2
1,30,20,0.0000951,sh_300,"1,2-diphenylpropan-1-one",2042-85-5,CC(C(=O)c1ccccc1)c1ccccc1,1,NaOtBu,865-48-5,0.2,"[RuCl2((S)-DM-BINAP)((S,S)-DPEN)]",220114-03-4,0.01,PhMe,108-88-3,1,"(1S, 2R)-1,2-diphenylpropan-1-ol",C[C@H](c1ccccc1)[C@H](O)c1ccccc1,99.4,-75.2,-78.2,7.1,-80.8
1,30,20,0.0000951,sh_300,"1,2-diphenylpropan-1-one",2042-85-5,CC(C(=O)c1ccccc1)c1ccccc1,1,NaOtBu,865-48-5,0.5,"[RuCl2((S)-DM-PPhos)((S,S)-DPEN)]",821793-37-7,0.01,PhMe,108-88-3,1,"(1S, 2R)-1,2-diphenylpropan-1-ol",C[C@H](c1ccccc1)[C@H](O)c1ccccc1,99,-72.7,-68.2,6.3,67.4
1,30,20,0.0000951,sh_300,"1,2-diphenylpropan-1-one",2042-85-5,CC(C(=O)c1ccccc1)c1ccccc1,1,K2CO3,584-08-7,0.2,"[RuCl((S,S)-Teth-Ts-DPEN)]",851051-43-9,0.01,tAmOH,75-85-4,1,"(1S, 2R)-1,2-diphenylpropan-1-ol",C[C@H](c1ccccc1)[C@H](O)c1ccccc1,6.2,-9.8,-46,1.2,84.2
1,30,20,0.0000951,sh_300,"1,2-diphenylpropan-1-one",2042-85-5,CC(C(=O)c1ccccc1)c1ccccc1,1,K2CO3,584-08-7,0.2,"[RuCl2((S)-DM-BINAP)((S,S)-DPEN)]",220114-03-4,0.01,tAmOH,75-85-4,1,"(1S, 2R)-1,2-diphenylpropan-1-ol",C[C@H](c1ccccc1)[C@H](O)c1ccccc1,1.2,n.d.,n.d.,n.d.,n.d.
1,30,20,0.0000951,sh_300,"1,2-diphenylpropan-1-one",2042-85-5,CC(C(=O)c1ccccc1)c1ccccc1,1,KOH,1310-58-3,0.5,"[Ir(COD)((S,S)-Ph-UBAPHOX)]BARF",405235-55-4,0.01,tAmOH,75-85-4,1,"(1S, 2R)-1,2-diphenylpropan-1-ol",C[C@H](c1ccccc1)[C@H](O)c1ccccc1,99.7,-86.5,-7.7,13.9,10.2
1,30,20,0.0000951,sh_300,"1,2-diphenylpropan-1-one",2042-85-5,CC(C(=O)c1ccccc1)c1ccccc1,1,KOH,1310-58-3,0.5,"[RuCl2((S)-BINAP)((S,S)-DPEN)]",329736-05-2,0.01,tAmOH,75-85-4,1,"(1S, 2R)-1,2-diphenylpropan-1-ol",C[C@H](c1ccccc1)[C@H](O)c1ccccc1,99.5,-73,-73.5,6.4,-66.6
1,30,20,0.0000951,sh_300,"1,2-diphenylpropan-1-one",2042-85-5,CC(C(=O)c1ccccc1)c1ccccc1,1,KOtBu,865-47-4,0.2,[IrClH2((R)-DTB-SpiroPAP-3-Me)],1396201-63-0,0.01,tAmOH,75-85-4,1,"(1S, 2R)-1,2-diphenylpropan-1-ol",C[C@H](c1ccccc1)[C@H](O)c1ccccc1,99.4,23.5,-58.2,0.6,26.2
1,30,20,0.0000951,sh_300,"1,2-diphenylpropan-1-one",2042-85-5,CC(C(=O)c1ccccc1)c1ccccc1,1,NaOH,1310-73-2,0.5,"[Ir(COD)((S,S)-Ph-UBAPHOX)]BARF",405235-55-4,0.01,tAmOH,75-85-4,1,"(1S, 2R)-1,2-diphenylpropan-1-ol",C[C@H](c1ccccc1)[C@H](O)c1ccccc1,99.6,-79.2,39.5,8.6,49.7
1,30,20,0.0000951,sh_300,"1,2-diphenylpropan-1-one",2042-85-5,CC(C(=O)c1ccccc1)c1ccccc1,1,NaOH,1310-73-2,0.5,[Ru(OAc)2((S)-DTB-MeOBIPHEP)],167781-45-5,0.01,tAmOH,75-85-4,1,"(1S, 2R)-1,2-diphenylpropan-1-ol",C[C@H](c1ccccc1)[C@H](O)c1ccccc1,99.3,-55.6,-11.2,3.5,-37.1
1,30,20,0.0000951,sh_300,"1,2-diphenylpropan-1-one",2042-85-5,CC(C(=O)c1ccccc1)c1ccccc1,1,NaOtBu,865-48-5,0.5,[Ru(OAc)2((R)-MeOBIPHEP)],133519-04-7,0.01,tAmOH,75-85-4,1,"(1S, 2R)-1,2-diphenylpropan-1-ol",C[C@H](c1ccccc1)[C@H](O)c1ccccc1,40.8,-55,-7.3,3.4,-14.9
1,30,20,0.0000951,sh_300,"1,2-diphenylpropan-1-one",2042-85-5,CC(C(=O)c1ccccc1)c1ccccc1,1,NEt3,121-44-8,0.2,[IrClH2((R)-DTB-SpiroPAP-3-Me)],1396201-63-0,0.01,tAmOH,75-85-4,1,"(1S, 2R)-1,2-diphenylpropan-1-ol",C[C@H](c1ccccc1)[C@H](O)c1ccccc1,2,n.d.,n.d.,n.d.,n.d.
1,30,20,0.0000951,sh_300,"1,2-diphenylpropan-1-one",2042-85-5,CC(C(=O)c1ccccc1)c1ccccc1,1,NEt3,121-44-8,0.2,[Ru(OAc)2((S)-DTB-MeOBIPHEP)],167781-45-5,0.01,tAmOH,75-85-4,1,"(1S, 2R)-1,2-diphenylpropan-1-ol",C[C@H](c1ccccc1)[C@H](O)c1ccccc1,2.3,n.d.,n.d.,n.d.,n.d.
1,30,20,0.0000951,sh_300,"1,2-diphenylpropan-1-one",2042-85-5,CC(C(=O)c1ccccc1)c1ccccc1,1,none,,0.2,"[RuCl(p-cymene)((S,S)-Ts-DPEN)]",192139-90-5,0.01,tAmOH,75-85-4,1,"(1S, 2R)-1,2-diphenylpropan-1-ol",C[C@H](c1ccccc1)[C@H](O)c1ccccc1,3.4,n.d.,n.d.,n.d.,n.d.
1,30,20,0.0000951,sh_300,"1,2-diphenylpropan-1-one",2042-85-5,CC(C(=O)c1ccccc1)c1ccccc1,1,DBU,6674-22-2,0.2,"[RuCl(p-cymene)((R,R)-Ts-DPEN)]",192139-92-7,0.01,THF,109-99-9,1,"(1S, 2R)-1,2-diphenylpropan-1-ol",C[C@H](c1ccccc1)[C@H](O)c1ccccc1,9,-42.2,25.4,2.5,-32.1
1,30,20,0.0000951,sh_300,"1,2-diphenylpropan-1-one",2042-85-5,CC(C(=O)c1ccccc1)c1ccccc1,1,DBU,6674-22-2,0.5,[IrClH2((R)-DTB-SpiroPAP-3-Me)],1396201-63-0,0.01,THF,109-99-9,1,"(1S, 2R)-1,2-diphenylpropan-1-ol",C[C@H](c1ccccc1)[C@H](O)c1ccccc1,0.9,n.d.,n.d.,n.d.,n.d.
1,30,20,0.0000951,sh_300,"1,2-diphenylpropan-1-one",2042-85-5,CC(C(=O)c1ccccc1)c1ccccc1,1,DBU,6674-22-2,0.5,[Ru(OAc)2((S)-MeOBIPHEP)],134527-17-6,0.01,THF,109-99-9,1,"(1S, 2R)-1,2-diphenylpropan-1-ol",C[C@H](c1ccccc1)[C@H](O)c1ccccc1,1.6,n.d.,n.d.,n.d.,n.d.
1,30,20,0.0000951,sh_300,"1,2-diphenylpropan-1-one",2042-85-5,CC(C(=O)c1ccccc1)c1ccccc1,1,DBU,6674-22-2,0.5,"[RuCl(p-cymene)((R,R)-Ts-DPEN)]",192139-92-7,0.01,THF,109-99-9,1,"(1S, 2R)-1,2-diphenylpropan-1-ol",C[C@H](c1ccccc1)[C@H](O)c1ccccc1,9.1,-40.7,31.2,2.4,-33.8
1,30,20,0.0000951,sh_300,"1,2-diphenylpropan-1-one",2042-85-5,CC(C(=O)c1ccccc1)c1ccccc1,1,K2CO3,584-08-7,0.2,"[RuCl2((R)-DM-PPhos)((R,R)-DPEN)]",478308-93-9,0.01,THF,109-99-9,1,"(1S, 2R)-1,2-diphenylpropan-1-ol",C[C@H](c1ccccc1)[C@H](O)c1ccccc1,0.2,n.d.,n.d.,n.d.,n.d.
1,30,20,0.0000951,sh_300,"1,2-diphenylpropan-1-one",2042-85-5,CC(C(=O)c1ccccc1)c1ccccc1,1,K2CO3,584-08-7,0.5,[RuCl(p-cymene)((R)-DM-BINAP)]Cl,944451-24-5,0.01,THF,109-99-9,1,"(1S, 2R)-1,2-diphenylpropan-1-ol",C[C@H](c1ccccc1)[C@H](O)c1ccccc1,6.1,-39.5,1.5,2.3,0.4
1,30,20,0.0000951,sh_300,"1,2-diphenylpropan-1-one",2042-85-5,CC(C(=O)c1ccccc1)c1ccccc1,1,K2CO3,584-08-7,0.5,[RuCl2((R)-BINAP)((R)-DAIPEN)],329735-86-6,0.01,THF,109-99-9,1,"(1S, 2R)-1,2-diphenylpropan-1-ol",C[C@H](c1ccccc1)[C@H](O)c1ccccc1,3.3,n.d.,n.d.,n.d.,n.d.
1,30,20,0.0000951,sh_300,"1,2-diphenylpropan-1-one",2042-85-5,CC(C(=O)c1ccccc1)c1ccccc1,1,KOH,1310-58-3,0.2,[RuCl(p-cymene)((R)-BINAP)]Cl,145926-28-9,0.01,THF,109-99-9,1,"(1S, 2R)-1,2-diphenylpropan-1-ol",C[C@H](c1ccccc1)[C@H](O)c1ccccc1,13.7,-72.7,11.6,6.3,4.8
1,30,20,0.0000951,sh_300,"1,2-diphenylpropan-1-one",2042-85-5,CC(C(=O)c1ccccc1)c1ccccc1,1,KOtBu,865-47-4,0.2,[IrClH2((R)-DTB-SpiroPAP-3-Me)],1396201-63-0,0.01,THF,109-99-9,1,"(1S, 2R)-1,2-diphenylpropan-1-ol",C[C@H](c1ccccc1)[C@H](O)c1ccccc1,99.5,47.9,-75.4,0.4,10.8
1,30,20,0.0000951,sh_300,"1,2-diphenylpropan-1-one",2042-85-5,CC(C(=O)c1ccccc1)c1ccccc1,1,NEt3,121-44-8,0.2,"[RuCl2((S)-BINAP)((S,S)-DPEN)]",329736-05-2,0.01,THF,109-99-9,1,"(1S, 2R)-1,2-diphenylpropan-1-ol",C[C@H](c1ccccc1)[C@H](O)c1ccccc1,0.1,n.d.,n.d.,n.d.,n.d.
1,60,20,0.0000951,sh_300,"1,2-diphenylpropan-1-one",2042-85-5,CC(C(=O)c1ccccc1)c1ccccc1,1,K2CO3,584-08-7,0.5,[RuCl2((R)-BINAP)((R)-DAIPEN)],329735-86-6,0.01,EtOH,64-17-5,1,"(1S, 2R)-1,2-diphenylpropan-1-ol",C[C@H](c1ccccc1)[C@H](O)c1ccccc1,99.6,-89.3,-87.1,17.7,66.6
1,60,20,0.0000951,sh_300,"1,2-diphenylpropan-1-one",2042-85-5,CC(C(=O)c1ccccc1)c1ccccc1,1,Na2CO3,497-19-8,0.5,[RuCl((S)-DM-BINAP)((S)-DAIPENA)],1312713-89-5,0.01,EtOH,64-17-5,1,"(1S, 2R)-1,2-diphenylpropan-1-ol",C[C@H](c1ccccc1)[C@H](O)c1ccccc1,53.1,-83.1,20.4,10.9,-60.6
1,60,20,0.0000951,sh_300,"1,2-diphenylpropan-1-one",2042-85-5,CC(C(=O)c1ccccc1)c1ccccc1,1,NaOtBu,865-48-5,0.2,[RuCl(p-cymene)((S)-DM-BINAP)]Cl,944451-25-6,0.01,EtOH,64-17-5,1,"(1S, 2R)-1,2-diphenylpropan-1-ol",C[C@H](c1ccccc1)[C@H](O)c1ccccc1,99.7,-97.3,-30.4,73.4,-57.1
1,60,20,0.0000951,sh_300,"1,2-diphenylpropan-1-one",2042-85-5,CC(C(=O)c1ccccc1)c1ccccc1,1,NEt3,121-44-8,0.2,[RuCl(p-cymene)((S)-BINAP)]Cl,130004-33-0,0.01,EtOH,64-17-5,1,"(1S, 2R)-1,2-diphenylpropan-1-ol",C[C@H](c1ccccc1)[C@H](O)c1ccccc1,4.9,n.d.,n.d.,n.d.,n.d.
1,60,20,0.0000951,sh_300,"1,2-diphenylpropan-1-one",2042-85-5,CC(C(=O)c1ccccc1)c1ccccc1,1,NEt3,121-44-8,0.5,[RuCl(p-cymene)((R)-DM-BINAP)]Cl,944451-24-5,0.01,EtOH,64-17-5,1,"(1S, 2R)-1,2-diphenylpropan-1-ol",C[C@H](c1ccccc1)[C@H](O)c1ccccc1,17.2,-37.8,-4.8,2.2,5
1,60,20,0.0000951,sh_300,"1,2-diphenylpropan-1-one",2042-85-5,CC(C(=O)c1ccccc1)c1ccccc1,1,none,,0.2,[RuCl(p-cymene)((S)-DM-BINAP)]Cl,944451-25-6,0.01,EtOH,64-17-5,1,"(1S, 2R)-1,2-diphenylpropan-1-ol",C[C@H](c1ccccc1)[C@H](O)c1ccccc1,0,n.d.,n.d.,n.d.,n.d.
1,60,20,0.0000951,sh_300,"1,2-diphenylpropan-1-one",2042-85-5,CC(C(=O)c1ccccc1)c1ccccc1,1,KOH,1310-58-3,0.2,"[RuCl2((S)-DM-BINAP)((S,S)-DPEN)]",220114-03-4,0.01,iPrOH,67-63-0,1,"(1S, 2R)-1,2-diphenylpropan-1-ol",C[C@H](c1ccccc1)[C@H](O)c1ccccc1,99.6,-81.6,-68.9,9.9,-70.9
1,60,20,0.0000951,sh_300,"1,2-diphenylpropan-1-one",2042-85-5,CC(C(=O)c1ccccc1)c1ccccc1,1,KOtBu,865-47-4,0.2,"[RuCl(p-cymene)((R,R)-Ts-DPEN)]",192139-92-7,0.01,iPrOH,67-63-0,1,"(1S, 2R)-1,2-diphenylpropan-1-ol",C[C@H](c1ccccc1)[C@H](O)c1ccccc1,99.3,-62.3,2.2,4.3,2.7
1,60,20,0.0000951,sh_300,"1,2-diphenylpropan-1-one",2042-85-5,CC(C(=O)c1ccccc1)c1ccccc1,1,NaOtBu,865-48-5,0.5,[RuCl((S)-DM-BINAP)((S)-DAIPENA)],1312713-89-5,0.01,iPrOH,67-63-0,1,"(1S, 2R)-1,2-diphenylpropan-1-ol",C[C@H](c1ccccc1)[C@H](O)c1ccccc1,99.4,-97.3,52.2,73.5,-95.9
1,60,20,0.0000951,sh_300,"1,2-diphenylpropan-1-one",2042-85-5,CC(C(=O)c1ccccc1)c1ccccc1,1,NaOtBu,865-48-5,0.5,"[RuCl(p-cymene)((R,R)-Ts-DPEN)]",192139-92-7,0.01,iPrOH,67-63-0,1,"(1S, 2R)-1,2-diphenylpropan-1-ol",C[C@H](c1ccccc1)[C@H](O)c1ccccc1,99.4,-66.9,3.4,5,2.7
1,60,20,0.0000951,sh_300,"1,2-diphenylpropan-1-one",2042-85-5,CC(C(=O)c1ccccc1)c1ccccc1,1,DBU,6674-22-2,0.2,"[RuCl2((R)-BINAP)((S,S)-DPEN)]",212210-87-2,0.01,MeOH,67-56-1,1,"(1S, 2R)-1,2-diphenylpropan-1-ol",C[C@H](c1ccccc1)[C@H](O)c1ccccc1,99.5,-93,23.9,27.5,32.1
1,60,20,0.0000951,sh_300,"1,2-diphenylpropan-1-one",2042-85-5,CC(C(=O)c1ccccc1)c1ccccc1,1,K2CO3,584-08-7,0.2,"[RuCl((R,R)-Teth-Ts-DPEN)]",1192620-83-9,0.01,MeOH,67-56-1,1,"(1S, 2R)-1,2-diphenylpropan-1-ol",C[C@H](c1ccccc1)[C@H](O)c1ccccc1,99.3,-19.4,49.2,1.5,-64.8
1,60,20,0.0000951,sh_300,"1,2-diphenylpropan-1-one",2042-85-5,CC(C(=O)c1ccccc1)c1ccccc1,1,Na2CO3,497-19-8,0.2,[Ru(OAc)2((S)-MeOBIPHEP)],134527-17-6,0.01,MeOH,67-56-1,1,"(1S, 2R)-1,2-diphenylpropan-1-ol",C[C@H](c1ccccc1)[C@H](O)c1ccccc1,23.1,-16.3,-4.9,1.4,21.7
1,60,20,0.0000951,sh_300,"1,2-diphenylpropan-1-one",2042-85-5,CC(C(=O)c1ccccc1)c1ccccc1,1,Na2CO3,497-19-8,0.5,"[RuCl2((S)-BINAP)((R,R)-DPEN)]",329735-87-7,0.01,MeOH,67-56-1,1,"(1S, 2R)-1,2-diphenylpropan-1-ol",C[C@H](c1ccccc1)[C@H](O)c1ccccc1,99.2,-90.5,-11.1,20,-20.9
1,60,20,0.0000951,sh_300,"1,2-diphenylpropan-1-one",2042-85-5,CC(C(=O)c1ccccc1)c1ccccc1,1,NaOH,1310-73-2,0.2,[Ru(OAc)2((R)-DTB-MeOBIPHEP)],194497-14-8,0.01,MeOH,67-56-1,1,"(1S, 2R)-1,2-diphenylpropan-1-ol",C[C@H](c1ccccc1)[C@H](O)c1ccccc1,97.7,-58.9,-10.7,3.9,17.9
1,60,20,0.0000951,sh_300,"1,2-diphenylpropan-1-one",2042-85-5,CC(C(=O)c1ccccc1)c1ccccc1,1,NaOH,1310-73-2,0.5,[RuCl2((R)-DM-SEGPHOS)((R)-DAIPEN)],944450-43-5,0.01,MeOH,67-56-1,1,"(1S, 2R)-1,2-diphenylpropan-1-ol",C[C@H](c1ccccc1)[C@H](O)c1ccccc1,99.5,-98.7,-25.4,148.2,96.3
1,60,20,0.0000951,sh_300,"1,2-diphenylpropan-1-one",2042-85-5,CC(C(=O)c1ccccc1)c1ccccc1,1,NaOtBu,865-48-5,0.5,[IrClH2((R)-DTB-SpiroPAP-3-Me)],1396201-63-0,0.01,MeOH,67-56-1,1,"(1S, 2R)-1,2-diphenylpropan-1-ol",C[C@H](c1ccccc1)[C@H](O)c1ccccc1,99.5,-59.4,-62.9,3.9,-29.9
1,60,20,0.0000951,sh_300,"1,2-diphenylpropan-1-one",2042-85-5,CC(C(=O)c1ccccc1)c1ccccc1,1,NaOtBu,865-48-5,0.5,[RuCl2((S)-DM-SEGPHOS)((S)-DAIPEN)],944450-44-6,0.01,MeOH,67-56-1,1,"(1S, 2R)-1,2-diphenylpropan-1-ol",C[C@H](c1ccccc1)[C@H](O)c1ccccc1,99.8,-98.7,12.9,149.7,-96.9
1,60,20,0.0000951,sh_300,"1,2-diphenylpropan-1-one",2042-85-5,CC(C(=O)c1ccccc1)c1ccccc1,1,DBU,6674-22-2,0.2,[RuCl(p-cymene)((S)-DM-BINAP)]Cl,944451-25-6,0.01,MeTHF,96-47-9,1,"(1S, 2R)-1,2-diphenylpropan-1-ol",C[C@H](c1ccccc1)[C@H](O)c1ccccc1,1,n.d.,n.d.,n.d.,n.d.
1,60,20,0.0000951,sh_300,"1,2-diphenylpropan-1-one",2042-85-5,CC(C(=O)c1ccccc1)c1ccccc1,1,DBU,6674-22-2,0.2,[RuCl2((R)-DM-BINAP)((R)-DAIPEN)],220114-32-9,0.01,MeTHF,96-47-9,1,"(1S, 2R)-1,2-diphenylpropan-1-ol",C[C@H](c1ccccc1)[C@H](O)c1ccccc1,24,-47.1,-1.6,2.8,4.9
1,60,20,0.0000951,sh_300,"1,2-diphenylpropan-1-one",2042-85-5,CC(C(=O)c1ccccc1)c1ccccc1,1,DBU,6674-22-2,0.2,"[RuCl2((R)-DM-PPhos)((R,R)-DPEN)]",478308-93-9,0.01,MeTHF,96-47-9,1,"(1S, 2R)-1,2-diphenylpropan-1-ol",C[C@H](c1ccccc1)[C@H](O)c1ccccc1,2.2,n.d.,n.d.,n.d.,n.d.
1,60,20,0.0000951,sh_300,"1,2-diphenylpropan-1-one",2042-85-5,CC(C(=O)c1ccccc1)c1ccccc1,1,DBU,6674-22-2,0.5,[RuCl2((S)-BINAP)((S)-DAIPEN)],212143-24-3,0.01,MeTHF,96-47-9,1,"(1S, 2R)-1,2-diphenylpropan-1-ol",C[C@H](c1ccccc1)[C@H](O)c1ccccc1,11.3,-40.8,6.4,2.4,-24.4
1,60,20,0.0000951,sh_300,"1,2-diphenylpropan-1-one",2042-85-5,CC(C(=O)c1ccccc1)c1ccccc1,1,KOH,1310-58-3,0.5,[RuCl(p-cymene)((S)-BINAP)]Cl,130004-33-0,0.01,MeTHF,96-47-9,1,"(1S, 2R)-1,2-diphenylpropan-1-ol",C[C@H](c1ccccc1)[C@H](O)c1ccccc1,0,n.d.,n.d.,n.d.,n.d.
1,60,20,0.0000951,sh_300,"1,2-diphenylpropan-1-one",2042-85-5,CC(C(=O)c1ccccc1)c1ccccc1,1,NaOH,1310-73-2,0.2,[RuCl(p-cymene)((S)-BINAP)]Cl,130004-33-0,0.01,MeTHF,96-47-9,1,"(1S, 2R)-1,2-diphenylpropan-1-ol",C[C@H](c1ccccc1)[C@H](O)c1ccccc1,42.2,-59.2,-8.8,3.9,-6.4
1,60,20,0.0000951,sh_300,"1,2-diphenylpropan-1-one",2042-85-5,CC(C(=O)c1ccccc1)c1ccccc1,1,NaOH,1310-73-2,0.2,"[RuCl2((R)-DM-PPhos)((R,R)-DPEN)]",478308-93-9,0.01,MeTHF,96-47-9,1,"(1S, 2R)-1,2-diphenylpropan-1-ol",C[C@H](c1ccccc1)[C@H](O)c1ccccc1,99.5,-98.1,-4.8,105.6,94.3
1,60,20,0.0000951,sh_300,"1,2-diphenylpropan-1-one",2042-85-5,CC(C(=O)c1ccccc1)c1ccccc1,1,none,,0.5,[IrClH2((S)-DTB-SpiroPAP-3-Me)],1418483-59-6,0.01,MeTHF,96-47-9,1,"(1S, 2R)-1,2-diphenylpropan-1-ol",C[C@H](c1ccccc1)[C@H](O)c1ccccc1,1.2,n.d.,n.d.,n.d.,n.d.
1,60,20,0.0000951,sh_300,"1,2-diphenylpropan-1-one",2042-85-5,CC(C(=O)c1ccccc1)c1ccccc1,1,DBU,6674-22-2,0.2,"[RuCl2((S)-BINAP)((S,S)-DPEN)]",329736-05-2,0.01,PhMe,108-88-3,1,"(1S, 2R)-1,2-diphenylpropan-1-ol",C[C@H](c1ccccc1)[C@H](O)c1ccccc1,0.1,n.d.,n.d.,n.d.,n.d.
1,60,20,0.0000951,sh_300,"1,2-diphenylpropan-1-one",2042-85-5,CC(C(=O)c1ccccc1)c1ccccc1,1,DBU,6674-22-2,0.5,[Ru(OAc)2((R)-MeOBIPHEP)],133519-04-7,0.01,PhMe,108-88-3,1,"(1S, 2R)-1,2-diphenylpropan-1-ol",C[C@H](c1ccccc1)[C@H](O)c1ccccc1,21.4,-36.7,-4.2,2.2,21.4
1,60,20,0.0000951,sh_300,"1,2-diphenylpropan-1-one",2042-85-5,CC(C(=O)c1ccccc1)c1ccccc1,1,K2CO3,584-08-7,0.2,"[RuCl2((R)-DM-BINAP)((R,R)-DPEN)]",220114-38-5,0.01,PhMe,108-88-3,1,"(1S, 2R)-1,2-diphenylpropan-1-ol",C[C@H](c1ccccc1)[C@H](O)c1ccccc1,1.4,n.d.,n.d.,n.d.,n.d.
1,60,20,0.0000951,sh_300,"1,2-diphenylpropan-1-one",2042-85-5,CC(C(=O)c1ccccc1)c1ccccc1,1,KOtBu,865-47-4,0.2,"[RuCl2((S)-BINAP)((R,R)-DPEN)]",329735-87-7,0.01,PhMe,108-88-3,1,"(1S, 2R)-1,2-diphenylpropan-1-ol",C[C@H](c1ccccc1)[C@H](O)c1ccccc1,99.5,-55.6,-66,3.5,36.3
1,60,20,0.0000951,sh_300,"1,2-diphenylpropan-1-one",2042-85-5,CC(C(=O)c1ccccc1)c1ccccc1,1,Na2CO3,497-19-8,0.5,"[RuCl2((S)-BINAP)((R,R)-DPEN)]",329735-87-7,0.01,PhMe,108-88-3,1,"(1S, 2R)-1,2-diphenylpropan-1-ol",C[C@H](c1ccccc1)[C@H](O)c1ccccc1,0,n.d.,n.d.,n.d.,n.d.
1,60,20,0.0000951,sh_300,"1,2-diphenylpropan-1-one",2042-85-5,CC(C(=O)c1ccccc1)c1ccccc1,1,NaOH,1310-73-2,0.5,"[RuCl2((S)-BINAP)((R,R)-DPEN)]",329735-87-7,0.01,PhMe,108-88-3,1,"(1S, 2R)-1,2-diphenylpropan-1-ol",C[C@H](c1ccccc1)[C@H](O)c1ccccc1,99.3,-54.5,-86.3,3.4,45.3
1,60,20,0.0000951,sh_300,"1,2-diphenylpropan-1-one",2042-85-5,CC(C(=O)c1ccccc1)c1ccccc1,1,NaOtBu,865-48-5,0.2,[RuCl(p-cymene)((S)-DM-BINAP)]Cl,944451-25-6,0.01,PhMe,108-88-3,1,"(1S, 2R)-1,2-diphenylpropan-1-ol",C[C@H](c1ccccc1)[C@H](O)c1ccccc1,99.3,-24,-69.8,1.6,-50.5
1,60,20,0.0000951,sh_300,"1,2-diphenylpropan-1-one",2042-85-5,CC(C(=O)c1ccccc1)c1ccccc1,1,NEt3,121-44-8,0.2,[RuCl(p-cymene)((S)-BINAP)]Cl,130004-33-0,0.01,PhMe,108-88-3,1,"(1S, 2R)-1,2-diphenylpropan-1-ol",C[C@H](c1ccccc1)[C@H](O)c1ccccc1,0.3,n.d.,n.d.,n.d.,n.d.
1,60,20,0.0000951,sh_300,"1,2-diphenylpropan-1-one",2042-85-5,CC(C(=O)c1ccccc1)c1ccccc1,1,DBU,6674-22-2,0.2,[IrClH2((S)-DTB-SpiroPAP-3-Me)],1418483-59-6,0.01,tAmOH,75-85-4,1,"(1S, 2R)-1,2-diphenylpropan-1-ol",C[C@H](c1ccccc1)[C@H](O)c1ccccc1,100,73.5,86.7,0.2,-91.3
1,60,20,0.0000951,sh_300,"1,2-diphenylpropan-1-one",2042-85-5,CC(C(=O)c1ccccc1)c1ccccc1,1,Na2CO3,497-19-8,0.2,"[RuCl2((S)-DM-BINAP)((S,S)-DPEN)]",220114-03-4,0.01,tAmOH,75-85-4,1,"(1S, 2R)-1,2-diphenylpropan-1-ol",C[C@H](c1ccccc1)[C@H](O)c1ccccc1,5.2,-28.2,10,1.8,-23.5
1,60,20,0.0000951,sh_300,"1,2-diphenylpropan-1-one",2042-85-5,CC(C(=O)c1ccccc1)c1ccccc1,1,NaOtBu,865-48-5,0.5,"[Ir(COD)((S,S)-Ph-UBAPHOX)]BARF",405235-55-4,0.01,tAmOH,75-85-4,1,"(1S, 2R)-1,2-diphenylpropan-1-ol",C[C@H](c1ccccc1)[C@H](O)c1ccccc1,99.5,-78.6,16.5,8.3,54.7
1,60,20,0.0000951,sh_300,"1,2-diphenylpropan-1-one",2042-85-5,CC(C(=O)c1ccccc1)c1ccccc1,1,K2CO3,584-08-7,0.2,[Ru(OAc)2((S)-DTB-MeOBIPHEP)],167781-45-5,0.01,THF,109-99-9,1,"(1S, 2R)-1,2-diphenylpropan-1-ol",C[C@H](c1ccccc1)[C@H](O)c1ccccc1,15.8,-44.9,-5.9,2.6,-9.6
1,60,20,0.0000951,sh_300,"1,2-diphenylpropan-1-one",2042-85-5,CC(C(=O)c1ccccc1)c1ccccc1,1,KOtBu,865-47-4,0.2,[RuCl(p-cymene)((R)-BINAP)]Cl,145926-28-9,0.01,THF,109-99-9,1,"(1S, 2R)-1,2-diphenylpropan-1-ol",C[C@H](c1ccccc1)[C@H](O)c1ccccc1,98.9,-70.1,-3.1,5.7,-7.2
1,60,20,0.0000951,sh_300,"1,2-diphenylpropan-1-one",2042-85-5,CC(C(=O)c1ccccc1)c1ccccc1,1,KOtBu,865-47-4,0.5,"[RuCl2((S)-DM-BINAP)((S,S)-DPEN)]",220114-03-4,0.01,THF,109-99-9,1,"(1S, 2R)-1,2-diphenylpropan-1-ol",C[C@H](c1ccccc1)[C@H](O)c1ccccc1,99.5,-88.5,-48.6,16.4,-26.9
1,60,20,0.0000951,sh_300,"1,2-diphenylpropan-1-one",2042-85-5,CC(C(=O)c1ccccc1)c1ccccc1,1,NaOH,1310-73-2,0.2,"[RuCl(p-cymene)((R,R)-Ts-DPEN)]",192139-92-7,0.01,THF,109-99-9,1,"(1S, 2R)-1,2-diphenylpropan-1-ol",C[C@H](c1ccccc1)[C@H](O)c1ccccc1,53.8,-70.7,7.6,5.8,2.3
1,60,20,0.0000951,sh_300,"1,2-diphenylpropan-1-one",2042-85-5,CC(C(=O)c1ccccc1)c1ccccc1,1,NaOH,1310-73-2,0.2,"[RuCl2((S)-BINAP)((S,S)-DPEN)]",329736-05-2,0.01,THF,109-99-9,1,"(1S, 2R)-1,2-diphenylpropan-1-ol",C[C@H](c1ccccc1)[C@H](O)c1ccccc1,99.6,-49.9,-64.6,3,-41.5
1,60,20,0.0000951,sh_300,"1,2-diphenylpropan-1-one",2042-85-5,CC(C(=O)c1ccccc1)c1ccccc1,1,NaOtBu,865-48-5,0.5,"[Ir(COD)((R,R)-Ph-UBAPHOX)]BARF",880262-16-8,0.01,THF,109-99-9,1,"(1S, 2R)-1,2-diphenylpropan-1-ol",C[C@H](c1ccccc1)[C@H](O)c1ccccc1,99.5,-80.4,27.3,9.2,-16.5
1,60,20,0.0000951,sh_300,"1,2-diphenylpropan-1-one",2042-85-5,CC(C(=O)c1ccccc1)c1ccccc1,1,NaOtBu,865-48-5,0.5,[Ru(OAc)2((S)-DTB-MeOBIPHEP)],167781-45-5,0.01,THF,109-99-9,1,"(1S, 2R)-1,2-diphenylpropan-1-ol",C[C@H](c1ccccc1)[C@H](O)c1ccccc1,99.4,-64.1,8.8,4.6,-27.7
2,30,20,0.0000951,sh_300,"1,2-diphenylpropan-1-one",2042-85-5,CC(C(=O)c1ccccc1)c1ccccc1,1,DBU,6674-22-2,0.2,[IrClH2((S)-DTB-SpiroPAP-3-Me)],1418483-59-6,0.01,EtOH,64-17-5,1,"(1S, 2R)-1,2-diphenylpropan-1-ol",C[C@H](c1ccccc1)[C@H](O)c1ccccc1,99.2,14.6,70.3,0.7,-79.2
2,30,20,0.0000951,sh_300,"1,2-diphenylpropan-1-one",2042-85-5,CC(C(=O)c1ccccc1)c1ccccc1,1,DBU,6674-22-2,0.5,[RuCl(p-cymene)((S)-DM-BINAP)]Cl,944451-25-6,0.01,EtOH,64-17-5,1,"(1S, 2R)-1,2-diphenylpropan-1-ol",C[C@H](c1ccccc1)[C@H](O)c1ccccc1,99.7,-98.1,-5.6,106.9,-45.8
2,30,20,0.0000951,sh_300,"1,2-diphenylpropan-1-one",2042-85-5,CC(C(=O)c1ccccc1)c1ccccc1,1,K2CO3,584-08-7,0.2,[IrClH2((S)-DTB-SpiroPAP-3-Me)],1418483-59-6,0.01,EtOH,64-17-5,1,"(1S, 2R)-1,2-diphenylpropan-1-ol",C[C@H](c1ccccc1)[C@H](O)c1ccccc1,99.2,7,63.7,0.9,-83.1
2,30,20,0.0000951,sh_300,"1,2-diphenylpropan-1-one",2042-85-5,CC(C(=O)c1ccccc1)c1ccccc1,1,KOH,1310-58-3,0.2,[IrClH2((S)-DTB-SpiroPAP-3-Me)],1418483-59-6,0.01,EtOH,64-17-5,1,"(1S, 2R)-1,2-diphenylpropan-1-ol",C[C@H](c1ccccc1)[C@H](O)c1ccccc1,99.1,31.5,78.8,0.5,-51.2
2,30,20,0.0000951,sh_300,"1,2-diphenylpropan-1-one",2042-85-5,CC(C(=O)c1ccccc1)c1ccccc1,1,KOH,1310-58-3,0.5,[IrClH2((S)-DTB-SpiroPAP-3-Me)],1418483-59-6,0.01,EtOH,64-17-5,1,"(1S, 2R)-1,2-diphenylpropan-1-ol",C[C@H](c1ccccc1)[C@H](O)c1ccccc1,99.1,38.5,83.1,0.4,-45.5
2,30,20,0.0000951,sh_300,"1,2-diphenylpropan-1-one",2042-85-5,CC(C(=O)c1ccccc1)c1ccccc1,1,KOtBu,865-47-4,0.2,[IrClH2((R)-DTB-SpiroPAP-3-Me)],1396201-63-0,0.01,EtOH,64-17-5,1,"(1S, 2R)-1,2-diphenylpropan-1-ol",C[C@H](c1ccccc1)[C@H](O)c1ccccc1,99.6,36.1,-80.6,0.5,52.1
2,30,20,0.0000951,sh_300,"1,2-diphenylpropan-1-one",2042-85-5,CC(C(=O)c1ccccc1)c1ccccc1,1,KOtBu,865-47-4,0.2,[IrClH2((S)-DTB-SpiroPAP-3-Me)],1418483-59-6,0.01,EtOH,64-17-5,1,"(1S, 2R)-1,2-diphenylpropan-1-ol",C[C@H](c1ccccc1)[C@H](O)c1ccccc1,99.1,36,79.9,0.5,-53.1
2,30,20,0.0000951,sh_300,"1,2-diphenylpropan-1-one",2042-85-5,CC(C(=O)c1ccccc1)c1ccccc1,1,NaOH,1310-73-2,0.2,[IrClH2((S)-DTB-SpiroPAP-3-Me)],1418483-59-6,0.01,EtOH,64-17-5,1,"(1S, 2R)-1,2-diphenylpropan-1-ol",C[C@H](c1ccccc1)[C@H](O)c1ccccc1,98.8,33.9,79.6,0.5,-53.2
2,30,20,0.0000951,sh_300,"1,2-diphenylpropan-1-one",2042-85-5,CC(C(=O)c1ccccc1)c1ccccc1,1,NaOtBu,865-48-5,0.2,[IrClH2((S)-DTB-SpiroPAP-3-Me)],1418483-59-6,0.01,EtOH,64-17-5,1,"(1S, 2R)-1,2-diphenylpropan-1-ol",C[C@H](c1ccccc1)[C@H](O)c1ccccc1,98.8,39.5,82.2,0.4,-46.4
2,30,20,0.0000951,sh_300,"1,2-diphenylpropan-1-one",2042-85-5,CC(C(=O)c1ccccc1)c1ccccc1,1,K2CO3,584-08-7,0.2,[IrClH2((S)-DTB-SpiroPAP-3-Me)],1418483-59-6,0.01,iPrOH,67-63-0,1,"(1S, 2R)-1,2-diphenylpropan-1-ol",C[C@H](c1ccccc1)[C@H](O)c1ccccc1,62.2,49.6,72,0.3,-66.1
2,30,20,0.0000951,sh_300,"1,2-diphenylpropan-1-one",2042-85-5,CC(C(=O)c1ccccc1)c1ccccc1,1,DBU,6674-22-2,0.2,[IrClH2((R)-DTB-SpiroPAP-3-Me)],1396201-63-0,0.01,MeOH,67-56-1,1,"(1S, 2R)-1,2-diphenylpropan-1-ol",C[C@H](c1ccccc1)[C@H](O)c1ccccc1,99.6,-67,-66.1,5.1,-37.5
2,30,20,0.0000951,sh_300,"1,2-diphenylpropan-1-one",2042-85-5,CC(C(=O)c1ccccc1)c1ccccc1,1,K2CO3,584-08-7,0.2,[IrClH2((S)-DTB-SpiroPAP-3-Me)],1418483-59-6,0.01,MeTHF,96-47-9,1,"(1S, 2R)-1,2-diphenylpropan-1-ol",C[C@H](c1ccccc1)[C@H](O)c1ccccc1,2.5,n.d.,n.d.,n.d.,n.d.
2,30,20,0.0000951,sh_300,"1,2-diphenylpropan-1-one",2042-85-5,CC(C(=O)c1ccccc1)c1ccccc1,1,KOtBu,865-47-4,0.5,[IrClH2((S)-DTB-SpiroPAP-3-Me)],1418483-59-6,0.01,MeTHF,96-47-9,1,"(1S, 2R)-1,2-diphenylpropan-1-ol",C[C@H](c1ccccc1)[C@H](O)c1ccccc1,99.1,63.3,86.7,0.2,-13.4
2,30,20,0.0000951,sh_300,"1,2-diphenylpropan-1-one",2042-85-5,CC(C(=O)c1ccccc1)c1ccccc1,1,NaOtBu,865-48-5,0.2,[IrClH2((S)-DTB-SpiroPAP-3-Me)],1418483-59-6,0.01,MeTHF,96-47-9,1,"(1S, 2R)-1,2-diphenylpropan-1-ol",C[C@H](c1ccccc1)[C@H](O)c1ccccc1,98.6,48.5,75.2,0.3,-41.9
2,30,20,0.0000951,sh_300,"1,2-diphenylpropan-1-one",2042-85-5,CC(C(=O)c1ccccc1)c1ccccc1,1,NaOtBu,865-48-5,0.2,"[RuCl((R,R)-Teth-Ts-DPEN)]",1192620-83-9,0.01,MeTHF,96-47-9,1,"(1S, 2R)-1,2-diphenylpropan-1-ol",C[C@H](c1ccccc1)[C@H](O)c1ccccc1,6.9,-66.8,51.7,5,-66
2,30,20,0.0000951,sh_300,"1,2-diphenylpropan-1-one",2042-85-5,CC(C(=O)c1ccccc1)c1ccccc1,1,none,,0.2,"[RuCl2((R)-BINAP)((S,S)-DPEN)]",212210-87-2,0.01,MeTHF,96-47-9,1,"(1S, 2R)-1,2-diphenylpropan-1-ol",C[C@H](c1ccccc1)[C@H](O)c1ccccc1,0,n.d.,n.d.,n.d.,n.d.
2,30,20,0.0000951,sh_300,"1,2-diphenylpropan-1-one",2042-85-5,CC(C(=O)c1ccccc1)c1ccccc1,1,K2CO3,584-08-7,0.2,[IrClH2((S)-DTB-SpiroPAP-3-Me)],1418483-59-6,0.01,PhMe,108-88-3,1,"(1S, 2R)-1,2-diphenylpropan-1-ol",C[C@H](c1ccccc1)[C@H](O)c1ccccc1,2.1,n.d.,n.d.,n.d.,n.d.
2,30,20,0.0000951,sh_300,"1,2-diphenylpropan-1-one",2042-85-5,CC(C(=O)c1ccccc1)c1ccccc1,1,KOH,1310-58-3,0.2,[IrClH2((S)-DTB-SpiroPAP-3-Me)],1418483-59-6,0.01,PhMe,108-88-3,1,"(1S, 2R)-1,2-diphenylpropan-1-ol",C[C@H](c1ccccc1)[C@H](O)c1ccccc1,98.7,6.5,47.2,0.9,-63.5
2,30,20,0.0000951,sh_300,"1,2-diphenylpropan-1-one",2042-85-5,CC(C(=O)c1ccccc1)c1ccccc1,1,KOtBu,865-47-4,0.2,[IrClH2((R)-DTB-SpiroPAP-3-Me)],1396201-63-0,0.01,PhMe,108-88-3,1,"(1S, 2R)-1,2-diphenylpropan-1-ol",C[C@H](c1ccccc1)[C@H](O)c1ccccc1,99.6,45.5,-76.2,0.4,48.5
2,30,20,0.0000951,sh_300,"1,2-diphenylpropan-1-one",2042-85-5,CC(C(=O)c1ccccc1)c1ccccc1,1,KOtBu,865-47-4,0.2,[IrClH2((S)-DTB-SpiroPAP-3-Me)],1418483-59-6,0.01,PhMe,108-88-3,1,"(1S, 2R)-1,2-diphenylpropan-1-ol",C[C@H](c1ccccc1)[C@H](O)c1ccccc1,98.9,27.1,67.2,0.6,-45.7
2,30,20,0.0000951,sh_300,"1,2-diphenylpropan-1-one",2042-85-5,CC(C(=O)c1ccccc1)c1ccccc1,1,KOtBu,865-47-4,0.5,[IrClH2((R)-DTB-SpiroPAP-3-Me)],1396201-63-0,0.01,PhMe,108-88-3,1,"(1S, 2R)-1,2-diphenylpropan-1-ol",C[C@H](c1ccccc1)[C@H](O)c1ccccc1,99.4,50.3,-78.6,0.3,48.8
2,30,20,0.0000951,sh_300,"1,2-diphenylpropan-1-one",2042-85-5,CC(C(=O)c1ccccc1)c1ccccc1,1,KOtBu,865-47-4,0.5,[IrClH2((S)-DTB-SpiroPAP-3-Me)],1418483-59-6,0.01,PhMe,108-88-3,1,"(1S, 2R)-1,2-diphenylpropan-1-ol",C[C@H](c1ccccc1)[C@H](O)c1ccccc1,99.2,54,80,0.3,-40.8
2,30,20,0.0000951,sh_300,"1,2-diphenylpropan-1-one",2042-85-5,CC(C(=O)c1ccccc1)c1ccccc1,1,Na2CO3,497-19-8,0.2,[IrClH2((R)-DTB-SpiroPAP-3-Me)],1396201-63-0,0.01,PhMe,108-88-3,1,"(1S, 2R)-1,2-diphenylpropan-1-ol",C[C@H](c1ccccc1)[C@H](O)c1ccccc1,0.7,n.d.,n.d.,n.d.,n.d.
2,30,20,0.0000951,sh_300,"1,2-diphenylpropan-1-one",2042-85-5,CC(C(=O)c1ccccc1)c1ccccc1,1,none,,0.2,"[RuCl2((R)-BINAP)((S,S)-DPEN)]",212210-87-2,0.01,PhMe,108-88-3,1,"(1S, 2R)-1,2-diphenylpropan-1-ol",C[C@H](c1ccccc1)[C@H](O)c1ccccc1,0,n.d.,n.d.,n.d.,n.d.
2,30,20,0.0000951,sh_300,"1,2-diphenylpropan-1-one",2042-85-5,CC(C(=O)c1ccccc1)c1ccccc1,1,DBU,6674-22-2,0.2,[IrClH2((S)-DTB-SpiroPAP-3-Me)],1418483-59-6,0.01,tAmOH,75-85-4,1,"(1S, 2R)-1,2-diphenylpropan-1-ol",C[C@H](c1ccccc1)[C@H](O)c1ccccc1,28.4,87.1,93.2,0.1,-73
2,30,20,0.0000951,sh_300,"1,2-diphenylpropan-1-one",2042-85-5,CC(C(=O)c1ccccc1)c1ccccc1,1,DBU,6674-22-2,0.5,[IrClH2((S)-DTB-SpiroPAP-3-Me)],1418483-59-6,0.01,tAmOH,75-85-4,1,"(1S, 2R)-1,2-diphenylpropan-1-ol",C[C@H](c1ccccc1)[C@H](O)c1ccccc1,98.7,73.6,84.9,0.2,-93.4
2,30,20,0.0000951,sh_300,"1,2-diphenylpropan-1-one",2042-85-5,CC(C(=O)c1ccccc1)c1ccccc1,1,K2CO3,584-08-7,0.2,[IrClH2((S)-DTB-SpiroPAP-3-Me)],1418483-59-6,0.01,tAmOH,75-85-4,1,"(1S, 2R)-1,2-diphenylpropan-1-ol",C[C@H](c1ccccc1)[C@H](O)c1ccccc1,15.1,81.2,93.7,0.1,-20
2,30,20,0.0000951,sh_300,"1,2-diphenylpropan-1-one",2042-85-5,CC(C(=O)c1ccccc1)c1ccccc1,1,K2CO3,584-08-7,0.5,[IrClH2((S)-DTB-SpiroPAP-3-Me)],1418483-59-6,0.01,tAmOH,75-85-4,1,"(1S, 2R)-1,2-diphenylpropan-1-ol",C[C@H](c1ccccc1)[C@H](O)c1ccccc1,23.4,83.4,93.3,0.1,-38.4
2,30,20,0.0000951,sh_300,"1,2-diphenylpropan-1-one",2042-85-5,CC(C(=O)c1ccccc1)c1ccccc1,1,KOH,1310-58-3,0.2,[IrClH2((R)-DTB-SpiroPAP-3-Me)],1396201-63-0,0.01,tAmOH,75-85-4,1,"(1S, 2R)-1,2-diphenylpropan-1-ol",C[C@H](c1ccccc1)[C@H](O)c1ccccc1,99.2,19.2,-48.1,0.7,57.7
2,30,20,0.0000951,sh_300,"1,2-diphenylpropan-1-one",2042-85-5,CC(C(=O)c1ccccc1)c1ccccc1,1,KOH,1310-58-3,0.2,[IrClH2((S)-DTB-SpiroPAP-3-Me)],1418483-59-6,0.01,tAmOH,75-85-4,1,"(1S, 2R)-1,2-diphenylpropan-1-ol",C[C@H](c1ccccc1)[C@H](O)c1ccccc1,99.2,40.4,65,0.4,-75.3
2,30,20,0.0000951,sh_300,"1,2-diphenylpropan-1-one",2042-85-5,CC(C(=O)c1ccccc1)c1ccccc1,1,KOH,1310-58-3,0.5,[IrClH2((S)-DTB-SpiroPAP-3-Me)],1418483-59-6,0.01,tAmOH,75-85-4,1,"(1S, 2R)-1,2-diphenylpropan-1-ol",C[C@H](c1ccccc1)[C@H](O)c1ccccc1,99.2,43.1,66.9,0.4,-73
2,30,20,0.0000951,sh_300,"1,2-diphenylpropan-1-one",2042-85-5,CC(C(=O)c1ccccc1)c1ccccc1,1,KOtBu,865-47-4,0.5,[IrClH2((R)-DTB-SpiroPAP-3-Me)],1396201-63-0,0.01,tAmOH,75-85-4,1,"(1S, 2R)-1,2-diphenylpropan-1-ol",C[C@H](c1ccccc1)[C@H](O)c1ccccc1,99.2,54.3,-75.9,0.3,50.8
2,30,20,0.0000951,sh_300,"1,2-diphenylpropan-1-one",2042-85-5,CC(C(=O)c1ccccc1)c1ccccc1,1,KOtBu,865-47-4,0.5,[IrClH2((S)-DTB-SpiroPAP-3-Me)],1418483-59-6,0.01,tAmOH,75-85-4,1,"(1S, 2R)-1,2-diphenylpropan-1-ol",C[C@H](c1ccccc1)[C@H](O)c1ccccc1,99.3,64.2,81.5,0.2,-59.8
2,30,20,0.0000951,sh_300,"1,2-diphenylpropan-1-one",2042-85-5,CC(C(=O)c1ccccc1)c1ccccc1,1,Na2CO3,497-19-8,0.2,[IrClH2((S)-DTB-SpiroPAP-3-Me)],1418483-59-6,0.01,tAmOH,75-85-4,1,"(1S, 2R)-1,2-diphenylpropan-1-ol",C[C@H](c1ccccc1)[C@H](O)c1ccccc1,99.6,24.3,47.6,0.6,-95.5
2,30,20,0.0000951,sh_300,"1,2-diphenylpropan-1-one",2042-85-5,CC(C(=O)c1ccccc1)c1ccccc1,1,Na2CO3,497-19-8,0.5,[IrClH2((S)-DTB-SpiroPAP-3-Me)],1418483-59-6,0.01,tAmOH,75-85-4,1,"(1S, 2R)-1,2-diphenylpropan-1-ol",C[C@H](c1ccccc1)[C@H](O)c1ccccc1,2.1,n.d.,n.d.,n.d.,n.d.
2,30,20,0.0000951,sh_300,"1,2-diphenylpropan-1-one",2042-85-5,CC(C(=O)c1ccccc1)c1ccccc1,1,NaOH,1310-73-2,0.2,[IrClH2((R)-DTB-SpiroPAP-3-Me)],1396201-63-0,0.01,tAmOH,75-85-4,1,"(1S, 2R)-1,2-diphenylpropan-1-ol",C[C@H](c1ccccc1)[C@H](O)c1ccccc1,99.4,22.3,-44.3,0.6,67.2
2,30,20,0.0000951,sh_300,"1,2-diphenylpropan-1-one",2042-85-5,CC(C(=O)c1ccccc1)c1ccccc1,1,NaOH,1310-73-2,0.2,[IrClH2((S)-DTB-SpiroPAP-3-Me)],1418483-59-6,0.01,tAmOH,75-85-4,1,"(1S, 2R)-1,2-diphenylpropan-1-ol",C[C@H](c1ccccc1)[C@H](O)c1ccccc1,99.2,20.6,44.8,0.7,-66.6
2,30,20,0.0000951,sh_300,"1,2-diphenylpropan-1-one",2042-85-5,CC(C(=O)c1ccccc1)c1ccccc1,1,NaOH,1310-73-2,0.5,[IrClH2((R)-DTB-SpiroPAP-3-Me)],1396201-63-0,0.01,tAmOH,75-85-4,1,"(1S, 2R)-1,2-diphenylpropan-1-ol",C[C@H](c1ccccc1)[C@H](O)c1ccccc1,99.3,26.2,-52,0.6,65.6
2,30,20,0.0000951,sh_300,"1,2-diphenylpropan-1-one",2042-85-5,CC(C(=O)c1ccccc1)c1ccccc1,1,NaOH,1310-73-2,0.5,[IrClH2((S)-DTB-SpiroPAP-3-Me)],1418483-59-6,0.01,tAmOH,75-85-4,1,"(1S, 2R)-1,2-diphenylpropan-1-ol",C[C@H](c1ccccc1)[C@H](O)c1ccccc1,99.2,23.6,48.3,0.6,-59
2,30,20,0.0000951,sh_300,"1,2-diphenylpropan-1-one",2042-85-5,CC(C(=O)c1ccccc1)c1ccccc1,1,NaOtBu,865-48-5,0.2,[IrClH2((S)-DTB-SpiroPAP-3-Me)],1418483-59-6,0.01,tAmOH,75-85-4,1,"(1S, 2R)-1,2-diphenylpropan-1-ol",C[C@H](c1ccccc1)[C@H](O)c1ccccc1,#DIV/0!,#DIV/0!,#DIV/0!,#DIV/0!,#DIV/0!
2,30,20,0.0000951,sh_300,"1,2-diphenylpropan-1-one",2042-85-5,CC(C(=O)c1ccccc1)c1ccccc1,1,NaOtBu,865-48-5,0.5,[IrClH2((S)-DTB-SpiroPAP-3-Me)],1418483-59-6,0.01,tAmOH,75-85-4,1,"(1S, 2R)-1,2-diphenylpropan-1-ol",C[C@H](c1ccccc1)[C@H](O)c1ccccc1,99.3,58.9,78.7,0.3,-48
2,30,20,0.0000951,sh_300,"1,2-diphenylpropan-1-one",2042-85-5,CC(C(=O)c1ccccc1)c1ccccc1,1,KOtBu,865-47-4,0.5,[IrClH2((S)-DTB-SpiroPAP-3-Me)],1418483-59-6,0.01,THF,109-99-9,1,"(1S, 2R)-1,2-diphenylpropan-1-ol",C[C@H](c1ccccc1)[C@H](O)c1ccccc1,99.4,75.4,89.5,0.1,-28.3
2,60,20,0.0000951,sh_300,"1,2-diphenylpropan-1-one",2042-85-5,CC(C(=O)c1ccccc1)c1ccccc1,1,K2CO3,584-08-7,0.2,[IrClH2((S)-DTB-SpiroPAP-3-Me)],1418483-59-6,0.01,EtOH,64-17-5,1,"(1S, 2R)-1,2-diphenylpropan-1-ol",C[C@H](c1ccccc1)[C@H](O)c1ccccc1,99,14.7,60.3,0.7,-70.8
2,60,20,0.0000951,sh_300,"1,2-diphenylpropan-1-one",2042-85-5,CC(C(=O)c1ccccc1)c1ccccc1,1,KOH,1310-58-3,0.2,[IrClH2((S)-DTB-SpiroPAP-3-Me)],1418483-59-6,0.01,EtOH,64-17-5,1,"(1S, 2R)-1,2-diphenylpropan-1-ol",C[C@H](c1ccccc1)[C@H](O)c1ccccc1,99,34.9,79.3,0.5,-39.9
2,60,20,0.0000951,sh_300,"1,2-diphenylpropan-1-one",2042-85-5,CC(C(=O)c1ccccc1)c1ccccc1,1,KOH,1310-58-3,0.5,[IrClH2((S)-DTB-SpiroPAP-3-Me)],1418483-59-6,0.01,EtOH,64-17-5,1,"(1S, 2R)-1,2-diphenylpropan-1-ol",C[C@H](c1ccccc1)[C@H](O)c1ccccc1,99,30.7,76.5,0.5,-19.1
2,60,20,0.0000951,sh_300,"1,2-diphenylpropan-1-one",2042-85-5,CC(C(=O)c1ccccc1)c1ccccc1,1,Na2CO3,497-19-8,0.5,[IrClH2((S)-DTB-SpiroPAP-3-Me)],1418483-59-6,0.01,EtOH,64-17-5,1,"(1S, 2R)-1,2-diphenylpropan-1-ol",C[C@H](c1ccccc1)[C@H](O)c1ccccc1,99.1,10.8,58,0.8,-87.6
2,60,20,0.0000951,sh_300,"1,2-diphenylpropan-1-one",2042-85-5,CC(C(=O)c1ccccc1)c1ccccc1,1,NaOH,1310-73-2,0.2,[IrClH2((S)-DTB-SpiroPAP-3-Me)],1418483-59-6,0.01,EtOH,64-17-5,1,"(1S, 2R)-1,2-diphenylpropan-1-ol",C[C@H](c1ccccc1)[C@H](O)c1ccccc1,99,35.2,79.3,0.5,-36.1
2,60,20,0.0000951,sh_300,"1,2-diphenylpropan-1-one",2042-85-5,CC(C(=O)c1ccccc1)c1ccccc1,1,NaOtBu,865-48-5,0.2,[IrClH2((S)-DTB-SpiroPAP-3-Me)],1418483-59-6,0.01,EtOH,64-17-5,1,"(1S, 2R)-1,2-diphenylpropan-1-ol",C[C@H](c1ccccc1)[C@H](O)c1ccccc1,98.8,32.7,78.3,0.5,-26.4
2,60,20,0.0000951,sh_300,"1,2-diphenylpropan-1-one",2042-85-5,CC(C(=O)c1ccccc1)c1ccccc1,1,NaOtBu,865-48-5,0.2,"[RuCl2((R)-BINAP)((R,R)-DPEN)]",212143-23-2,0.01,EtOH,64-17-5,1,"(1S, 2R)-1,2-diphenylpropan-1-ol",C[C@H](c1ccccc1)[C@H](O)c1ccccc1,98.9,-85.8,48.8,13.1,40.4
2,60,20,0.0000951,sh_300,"1,2-diphenylpropan-1-one",2042-85-5,CC(C(=O)c1ccccc1)c1ccccc1,1,NEt3,121-44-8,0.2,[IrClH2((S)-DTB-SpiroPAP-3-Me)],1418483-59-6,0.01,EtOH,64-17-5,1,"(1S, 2R)-1,2-diphenylpropan-1-ol",C[C@H](c1ccccc1)[C@H](O)c1ccccc1,43.8,40.8,79.4,0.4,-58.6
2,60,20,0.0000951,sh_300,"1,2-diphenylpropan-1-one",2042-85-5,CC(C(=O)c1ccccc1)c1ccccc1,1,NEt3,121-44-8,0.5,[IrClH2((S)-DTB-SpiroPAP-3-Me)],1418483-59-6,0.01,EtOH,64-17-5,1,"(1S, 2R)-1,2-diphenylpropan-1-ol",C[C@H](c1ccccc1)[C@H](O)c1ccccc1,71,33.5,75.1,0.5,-72.9
2,60,20,0.0000951,sh_300,"1,2-diphenylpropan-1-one",2042-85-5,CC(C(=O)c1ccccc1)c1ccccc1,1,Na2CO3,497-19-8,0.2,[IrClH2((S)-DTB-SpiroPAP-3-Me)],1418483-59-6,0.01,iPrOH,67-63-0,1,"(1S, 2R)-1,2-diphenylpropan-1-ol",C[C@H](c1ccccc1)[C@H](O)c1ccccc1,56.6,52.4,65.7,0.3,-30.6
2,60,20,0.0000951,sh_300,"1,2-diphenylpropan-1-one",2042-85-5,CC(C(=O)c1ccccc1)c1ccccc1,1,Na2CO3,497-19-8,0.5,[IrClH2((S)-DTB-SpiroPAP-3-Me)],1418483-59-6,0.01,iPrOH,67-63-0,1,"(1S, 2R)-1,2-diphenylpropan-1-ol",C[C@H](c1ccccc1)[C@H](O)c1ccccc1,63.1,48.2,63.1,0.3,-32.3
2,60,20,0.0000951,sh_300,"1,2-diphenylpropan-1-one",2042-85-5,CC(C(=O)c1ccccc1)c1ccccc1,1,KOH,1310-58-3,0.2,[IrClH2((S)-DTB-SpiroPAP-3-Me)],1418483-59-6,0.01,MeOH,67-56-1,1,"(1S, 2R)-1,2-diphenylpropan-1-ol",C[C@H](c1ccccc1)[C@H](O)c1ccccc1,99.3,-65.4,51.3,4.8,19.8
2,60,20,0.0000951,sh_300,"1,2-diphenylpropan-1-one",2042-85-5,CC(C(=O)c1ccccc1)c1ccccc1,1,NaOtBu,865-48-5,0.2,"[RuCl2((R)-BINAP)((R,R)-DPEN)]",212143-23-2,0.01,MeOH,67-56-1,1,"(1S, 2R)-1,2-diphenylpropan-1-ol",C[C@H](c1ccccc1)[C@H](O)c1ccccc1,98.9,-94.1,26.3,33,47.2
2,60,20,0.0000951,sh_300,"1,2-diphenylpropan-1-one",2042-85-5,CC(C(=O)c1ccccc1)c1ccccc1,1,none,,0.2,"[RuCl2((R)-BINAP)((S,S)-DPEN)]",212210-87-2,0.01,MeOH,67-56-1,1,"(1S, 2R)-1,2-diphenylpropan-1-ol",C[C@H](c1ccccc1)[C@H](O)c1ccccc1,0,n.d.,n.d.,n.d.,n.d.
2,60,20,0.0000951,sh_300,"1,2-diphenylpropan-1-one",2042-85-5,CC(C(=O)c1ccccc1)c1ccccc1,1,KOH,1310-58-3,0.2,[IrClH2((S)-DTB-SpiroPAP-3-Me)],1418483-59-6,0.01,MeTHF,96-47-9,1,"(1S, 2R)-1,2-diphenylpropan-1-ol",C[C@H](c1ccccc1)[C@H](O)c1ccccc1,98.3,-4.5,11.9,1.1,-2.8
2,60,20,0.0000951,sh_300,"1,2-diphenylpropan-1-one",2042-85-5,CC(C(=O)c1ccccc1)c1ccccc1,1,KOtBu,865-47-4,0.2,[IrClH2((R)-DTB-SpiroPAP-3-Me)],1396201-63-0,0.01,MeTHF,96-47-9,1,"(1S, 2R)-1,2-diphenylpropan-1-ol",C[C@H](c1ccccc1)[C@H](O)c1ccccc1,99.6,11.6,-49.3,0.8,-30
2,60,20,0.0000951,sh_300,"1,2-diphenylpropan-1-one",2042-85-5,CC(C(=O)c1ccccc1)c1ccccc1,1,KOtBu,865-47-4,0.2,[IrClH2((S)-DTB-SpiroPAP-3-Me)],1418483-59-6,0.01,MeTHF,96-47-9,1,"(1S, 2R)-1,2-diphenylpropan-1-ol",C[C@H](c1ccccc1)[C@H](O)c1ccccc1,100,-100,#DIV/0!,#DIV/0!,100
2,60,20,0.0000951,sh_300,"1,2-diphenylpropan-1-one",2042-85-5,CC(C(=O)c1ccccc1)c1ccccc1,1,NaOtBu,865-48-5,0.2,"[RuCl((R,R)-Teth-Ts-DPEN)]",1192620-83-9,0.01,MeTHF,96-47-9,1,"(1S, 2R)-1,2-diphenylpropan-1-ol",C[C@H](c1ccccc1)[C@H](O)c1ccccc1,99.6,-75.2,30.2,7.1,-48.9
2,60,20,0.0000951,sh_300,"1,2-diphenylpropan-1-one",2042-85-5,CC(C(=O)c1ccccc1)c1ccccc1,1,K2CO3,584-08-7,0.5,[IrClH2((S)-DTB-SpiroPAP-3-Me)],1418483-59-6,0.01,PhMe,108-88-3,1,"(1S, 2R)-1,2-diphenylpropan-1-ol",C[C@H](c1ccccc1)[C@H](O)c1ccccc1,98.9,5.6,45.9,0.9,-62.8
2,60,20,0.0000951,sh_300,"1,2-diphenylpropan-1-one",2042-85-5,CC(C(=O)c1ccccc1)c1ccccc1,1,KOH,1310-58-3,0.2,[IrClH2((R)-DTB-SpiroPAP-3-Me)],1396201-63-0,0.01,PhMe,108-88-3,1,"(1S, 2R)-1,2-diphenylpropan-1-ol",C[C@H](c1ccccc1)[C@H](O)c1ccccc1,98.6,-17.8,-2.7,1.4,-3.8
2,60,20,0.0000951,sh_300,"1,2-diphenylpropan-1-one",2042-85-5,CC(C(=O)c1ccccc1)c1ccccc1,1,KOH,1310-58-3,0.2,[IrClH2((S)-DTB-SpiroPAP-3-Me)],1418483-59-6,0.01,PhMe,108-88-3,1,"(1S, 2R)-1,2-diphenylpropan-1-ol",C[C@H](c1ccccc1)[C@H](O)c1ccccc1,98.7,-18.1,2.9,1.4,2.3
2,60,20,0.0000951,sh_300,"1,2-diphenylpropan-1-one",2042-85-5,CC(C(=O)c1ccccc1)c1ccccc1,1,KOH,1310-58-3,0.5,[IrClH2((S)-DTB-SpiroPAP-3-Me)],1418483-59-6,0.01,PhMe,108-88-3,1,"(1S, 2R)-1,2-diphenylpropan-1-ol",C[C@H](c1ccccc1)[C@H](O)c1ccccc1,99.3,-19.2,0.3,1.5,1.6
2,60,20,0.0000951,sh_300,"1,2-diphenylpropan-1-one",2042-85-5,CC(C(=O)c1ccccc1)c1ccccc1,1,KOtBu,865-47-4,0.2,[IrClH2((R)-DTB-SpiroPAP-3-Me)],1396201-63-0,0.01,PhMe,108-88-3,1,"(1S, 2R)-1,2-diphenylpropan-1-ol",C[C@H](c1ccccc1)[C@H](O)c1ccccc1,99.5,-18.4,-13,1.5,-10
2,60,20,0.0000951,sh_300,"1,2-diphenylpropan-1-one",2042-85-5,CC(C(=O)c1ccccc1)c1ccccc1,1,KOtBu,865-47-4,0.2,[IrClH2((S)-DTB-SpiroPAP-3-Me)],1418483-59-6,0.01,PhMe,108-88-3,1,"(1S, 2R)-1,2-diphenylpropan-1-ol",C[C@H](c1ccccc1)[C@H](O)c1ccccc1,98.4,28.2,77,0.6,19.4
2,60,20,0.0000951,sh_300,"1,2-diphenylpropan-1-one",2042-85-5,CC(C(=O)c1ccccc1)c1ccccc1,1,KOtBu,865-47-4,0.2,"[RuCl((R,R)-Teth-Ts-DPEN)]",1192620-83-9,0.01,PhMe,108-88-3,1,"(1S, 2R)-1,2-diphenylpropan-1-ol",C[C@H](c1ccccc1)[C@H](O)c1ccccc1,99.7,-70,-49.8,5.7,35.1
2,60,20,0.0000951,sh_300,"1,2-diphenylpropan-1-one",2042-85-5,CC(C(=O)c1ccccc1)c1ccccc1,1,KOtBu,865-47-4,0.5,[IrClH2((S)-DTB-SpiroPAP-3-Me)],1418483-59-6,0.01,PhMe,108-88-3,1,"(1S, 2R)-1,2-diphenylpropan-1-ol",C[C@H](c1ccccc1)[C@H](O)c1ccccc1,99,-15.1,30,1.4,0.4
2,60,20,0.0000951,sh_300,"1,2-diphenylpropan-1-one",2042-85-5,CC(C(=O)c1ccccc1)c1ccccc1,1,NaOtBu,865-48-5,0.2,[IrClH2((S)-DTB-SpiroPAP-3-Me)],1418483-59-6,0.01,PhMe,108-88-3,1,"(1S, 2R)-1,2-diphenylpropan-1-ol",C[C@H](c1ccccc1)[C@H](O)c1ccccc1,98.3,-15.6,4.5,1.4,6.3
2,60,20,0.0000951,sh_300,"1,2-diphenylpropan-1-one",2042-85-5,CC(C(=O)c1ccccc1)c1ccccc1,1,NaOtBu,865-48-5,0.2,"[RuCl((R,R)-Teth-Ts-DPEN)]",1192620-83-9,0.01,PhMe,108-88-3,1,"(1S, 2R)-1,2-diphenylpropan-1-ol",C[C@H](c1ccccc1)[C@H](O)c1ccccc1,84.8,-49,20.3,2.9,-35.4
2,60,20,0.0000951,sh_300,"1,2-diphenylpropan-1-one",2042-85-5,CC(C(=O)c1ccccc1)c1ccccc1,1,NaOtBu,865-48-5,0.2,"[RuCl2((R)-BINAP)((R,R)-DPEN)]",212143-23-2,0.01,PhMe,108-88-3,1,"(1S, 2R)-1,2-diphenylpropan-1-ol",C[C@H](c1ccccc1)[C@H](O)c1ccccc1,98.5,-28.2,58.9,1.8,35
2,60,20,0.0000951,sh_300,"1,2-diphenylpropan-1-one",2042-85-5,CC(C(=O)c1ccccc1)c1ccccc1,1,NaOtBu,865-48-5,0.2,"[RuCl2((R)-BINAP)((S,S)-DPEN)]",212210-87-2,0.01,PhMe,108-88-3,1,"(1S, 2R)-1,2-diphenylpropan-1-ol",C[C@H](c1ccccc1)[C@H](O)c1ccccc1,98.6,-66.1,24.5,4.9,-66
2,60,20,0.0000951,sh_300,"1,2-diphenylpropan-1-one",2042-85-5,CC(C(=O)c1ccccc1)c1ccccc1,1,DBU,6674-22-2,0.5,[IrClH2((S)-DTB-SpiroPAP-3-Me)],1418483-59-6,0.01,tAmOH,75-85-4,1,"(1S, 2R)-1,2-diphenylpropan-1-ol",C[C@H](c1ccccc1)[C@H](O)c1ccccc1,99.8,80.5,89.7,0.1,-90.7
2,60,20,0.0000951,sh_300,"1,2-diphenylpropan-1-one",2042-85-5,CC(C(=O)c1ccccc1)c1ccccc1,1,K2CO3,584-08-7,0.2,[IrClH2((S)-DTB-SpiroPAP-3-Me)],1418483-59-6,0.01,tAmOH,75-85-4,1,"(1S, 2R)-1,2-diphenylpropan-1-ol",C[C@H](c1ccccc1)[C@H](O)c1ccccc1,99.2,24.5,46.3,0.6,-96
2,60,20,0.0000951,sh_300,"1,2-diphenylpropan-1-one",2042-85-5,CC(C(=O)c1ccccc1)c1ccccc1,1,K2CO3,584-08-7,0.5,[IrClH2((R)-DTB-SpiroPAP-3-Me)],1396201-63-0,0.01,tAmOH,75-85-4,1,"(1S, 2R)-1,2-diphenylpropan-1-ol",C[C@H](c1ccccc1)[C@H](O)c1ccccc1,99.5,19.2,-44.7,0.7,81.8
2,60,20,0.0000951,sh_300,"1,2-diphenylpropan-1-one",2042-85-5,CC(C(=O)c1ccccc1)c1ccccc1,1,K2CO3,584-08-7,0.5,[IrClH2((S)-DTB-SpiroPAP-3-Me)],1418483-59-6,0.01,tAmOH,75-85-4,1,"(1S, 2R)-1,2-diphenylpropan-1-ol",C[C@H](c1ccccc1)[C@H](O)c1ccccc1,99.1,17.7,43.2,0.7,-76.8
2,60,20,0.0000951,sh_300,"1,2-diphenylpropan-1-one",2042-85-5,CC(C(=O)c1ccccc1)c1ccccc1,1,KOH,1310-58-3,0.2,[IrClH2((R)-DTB-SpiroPAP-3-Me)],1396201-63-0,0.01,tAmOH,75-85-4,1,"(1S, 2R)-1,2-diphenylpropan-1-ol",C[C@H](c1ccccc1)[C@H](O)c1ccccc1,99.5,-4.2,-25.4,1.1,9
2,60,20,0.0000951,sh_300,"1,2-diphenylpropan-1-one",2042-85-5,CC(C(=O)c1ccccc1)c1ccccc1,1,KOH,1310-58-3,0.2,[IrClH2((S)-DTB-SpiroPAP-3-Me)],1418483-59-6,0.01,tAmOH,75-85-4,1,"(1S, 2R)-1,2-diphenylpropan-1-ol",C[C@H](c1ccccc1)[C@H](O)c1ccccc1,99.3,-3.6,26,1.1,-10.8
2,60,20,0.0000951,sh_300,"1,2-diphenylpropan-1-one",2042-85-5,CC(C(=O)c1ccccc1)c1ccccc1,1,KOH,1310-58-3,0.2,"[RuCl((R,R)-Teth-Ts-DPEN)]",1192620-83-9,0.01,tAmOH,75-85-4,1,"(1S, 2R)-1,2-diphenylpropan-1-ol",C[C@H](c1ccccc1)[C@H](O)c1ccccc1,99.4,-77.2,-25.7,7.8,18.4
2,60,20,0.0000951,sh_300,"1,2-diphenylpropan-1-one",2042-85-5,CC(C(=O)c1ccccc1)c1ccccc1,1,KOH,1310-58-3,0.5,[IrClH2((S)-DTB-SpiroPAP-3-Me)],1418483-59-6,0.01,tAmOH,75-85-4,1,"(1S, 2R)-1,2-diphenylpropan-1-ol",C[C@H](c1ccccc1)[C@H](O)c1ccccc1,99.3,-2.5,27.6,1.1,-6.6
2,60,20,0.0000951,sh_300,"1,2-diphenylpropan-1-one",2042-85-5,CC(C(=O)c1ccccc1)c1ccccc1,1,KOtBu,865-47-4,0.2,[IrClH2((R)-DTB-SpiroPAP-3-Me)],1396201-63-0,0.01,tAmOH,75-85-4,1,"(1S, 2R)-1,2-diphenylpropan-1-ol",C[C@H](c1ccccc1)[C@H](O)c1ccccc1,99.5,-0.6,-33.1,1,-12.8
2,60,20,0.0000951,sh_300,"1,2-diphenylpropan-1-one",2042-85-5,CC(C(=O)c1ccccc1)c1ccccc1,1,KOtBu,865-47-4,0.2,[IrClH2((S)-DTB-SpiroPAP-3-Me)],1418483-59-6,0.01,tAmOH,75-85-4,1,"(1S, 2R)-1,2-diphenylpropan-1-ol",C[C@H](c1ccccc1)[C@H](O)c1ccccc1,99.2,51.6,74.9,0.3,-14.1
2,60,20,0.0000951,sh_300,"1,2-diphenylpropan-1-one",2042-85-5,CC(C(=O)c1ccccc1)c1ccccc1,1,KOtBu,865-47-4,0.5,[IrClH2((S)-DTB-SpiroPAP-3-Me)],1418483-59-6,0.01,tAmOH,75-85-4,1,"(1S, 2R)-1,2-diphenylpropan-1-ol",C[C@H](c1ccccc1)[C@H](O)c1ccccc1,99.3,29,54.3,0.6,-3.8
2,60,20,0.0000951,sh_300,"1,2-diphenylpropan-1-one",2042-85-5,CC(C(=O)c1ccccc1)c1ccccc1,1,Na2CO3,497-19-8,0.2,[IrClH2((S)-DTB-SpiroPAP-3-Me)],1418483-59-6,0.01,tAmOH,75-85-4,1,"(1S, 2R)-1,2-diphenylpropan-1-ol",C[C@H](c1ccccc1)[C@H](O)c1ccccc1,12.8,72.1,89.8,0.2,-42.3
2,60,20,0.0000951,sh_300,"1,2-diphenylpropan-1-one",2042-85-5,CC(C(=O)c1ccccc1)c1ccccc1,1,NaOH,1310-73-2,0.2,[IrClH2((R)-DTB-SpiroPAP-3-Me)],1396201-63-0,0.01,tAmOH,75-85-4,1,"(1S, 2R)-1,2-diphenylpropan-1-ol",C[C@H](c1ccccc1)[C@H](O)c1ccccc1,98.9,-5.9,-19.9,1.1,14.1
2,60,20,0.0000951,sh_300,"1,2-diphenylpropan-1-one",2042-85-5,CC(C(=O)c1ccccc1)c1ccccc1,1,NaOH,1310-73-2,0.2,[IrClH2((S)-DTB-SpiroPAP-3-Me)],1418483-59-6,0.01,tAmOH,75-85-4,1,"(1S, 2R)-1,2-diphenylpropan-1-ol",C[C@H](c1ccccc1)[C@H](O)c1ccccc1,99.2,-5.5,21.7,1.1,-15
2,60,20,0.0000951,sh_300,"1,2-diphenylpropan-1-one",2042-85-5,CC(C(=O)c1ccccc1)c1ccccc1,1,NaOH,1310-73-2,0.5,[IrClH2((R)-DTB-SpiroPAP-3-Me)],1396201-63-0,0.01,tAmOH,75-85-4,1,"(1S, 2R)-1,2-diphenylpropan-1-ol",C[C@H](c1ccccc1)[C@H](O)c1ccccc1,99.5,-7,-20.2,1.1,11.2
2,60,20,0.0000951,sh_300,"1,2-diphenylpropan-1-one",2042-85-5,CC(C(=O)c1ccccc1)c1ccccc1,1,NaOH,1310-73-2,0.5,[IrClH2((S)-DTB-SpiroPAP-3-Me)],1418483-59-6,0.01,tAmOH,75-85-4,1,"(1S, 2R)-1,2-diphenylpropan-1-ol",C[C@H](c1ccccc1)[C@H](O)c1ccccc1,99.2,-11.4,10.4,1.3,-3.9
2,60,20,0.0000951,sh_300,"1,2-diphenylpropan-1-one",2042-85-5,CC(C(=O)c1ccccc1)c1ccccc1,1,NaOtBu,865-48-5,0.2,[IrClH2((S)-DTB-SpiroPAP-3-Me)],1418483-59-6,0.01,tAmOH,75-85-4,1,"(1S, 2R)-1,2-diphenylpropan-1-ol",C[C@H](c1ccccc1)[C@H](O)c1ccccc1,99.3,12.4,51.7,0.8,11.6
2,60,20,0.0000951,sh_300,"1,2-diphenylpropan-1-one",2042-85-5,CC(C(=O)c1ccccc1)c1ccccc1,1,NaOtBu,865-48-5,0.2,"[RuCl2((R)-BINAP)((R,R)-DPEN)]",212143-23-2,0.01,tAmOH,75-85-4,1,"(1S, 2R)-1,2-diphenylpropan-1-ol",C[C@H](c1ccccc1)[C@H](O)c1ccccc1,98.5,-52,71.3,3.2,46.7
2,60,20,0.0000951,sh_300,"1,2-diphenylpropan-1-one",2042-85-5,CC(C(=O)c1ccccc1)c1ccccc1,1,NaOtBu,865-48-5,0.5,[IrClH2((S)-DTB-SpiroPAP-3-Me)],1418483-59-6,0.01,tAmOH,75-85-4,1,"(1S, 2R)-1,2-diphenylpropan-1-ol",C[C@H](c1ccccc1)[C@H](O)c1ccccc1,99.3,12.2,41.2,0.8,3.1
2,60,20,0.0000951,sh_300,"1,2-diphenylpropan-1-one",2042-85-5,CC(C(=O)c1ccccc1)c1ccccc1,1,DBU,6674-22-2,0.2,[IrClH2((S)-DTB-SpiroPAP-3-Me)],1418483-59-6,0.01,THF,109-99-9,1,"(1S, 2R)-1,2-diphenylpropan-1-ol",C[C@H](c1ccccc1)[C@H](O)c1ccccc1,52.7,81,92.8,0.1,-47.6
2,60,20,0.0000951,sh_300,"1,2-diphenylpropan-1-one",2042-85-5,CC(C(=O)c1ccccc1)c1ccccc1,1,KOtBu,865-47-4,0.2,[IrClH2((R)-DTB-SpiroPAP-3-Me)],1396201-63-0,0.01,THF,109-99-9,1,"(1S, 2R)-1,2-diphenylpropan-1-ol",C[C@H](c1ccccc1)[C@H](O)c1ccccc1,99.6,40.2,-60.6,0.4,-8.2
2,60,20,0.0000951,sh_300,"1,2-diphenylpropan-1-one",2042-85-5,CC(C(=O)c1ccccc1)c1ccccc1,1,KOtBu,865-47-4,0.2,[IrClH2((S)-DTB-SpiroPAP-3-Me)],1418483-59-6,0.01,THF,109-99-9,1,"(1S, 2R)-1,2-diphenylpropan-1-ol",C[C@H](c1ccccc1)[C@H](O)c1ccccc1,99,30,52,0.5,13.5
2,60,20,0.0000951,sh_300,"1,2-diphenylpropan-1-one",2042-85-5,CC(C(=O)c1ccccc1)c1ccccc1,1,KOtBu,865-47-4,0.5,[IrClH2((S)-DTB-SpiroPAP-3-Me)],1418483-59-6,0.01,THF,109-99-9,1,"(1S, 2R)-1,2-diphenylpropan-1-ol",C[C@H](c1ccccc1)[C@H](O)c1ccccc1,99.4,63.5,82.4,0.2,-3.5
2,60,20,0.0000951,sh_300,"1,2-diphenylpropan-1-one",2042-85-5,CC(C(=O)c1ccccc1)c1ccccc1,1,NaOtBu,865-48-5,0.2,[IrClH2((S)-DTB-SpiroPAP-3-Me)],1418483-59-6,0.01,THF,109-99-9,1,"(1S, 2R)-1,2-diphenylpropan-1-ol",C[C@H](c1ccccc1)[C@H](O)c1ccccc1,99.2,7.1,59.9,0.9,46.2